Ano,Total_Negociado,Cotacao_Media
2019,4011645,101.1412698412698
2020,3078378,111.01758893280632
2021,3127536,168.89027777777778
2022,2374254,227.17251497005978
